{"cameraMode":{"drawMode":0,"name":"Shaded","section":"Shading Mode"},"sceneLighting":true,"audioPlay":false,"sceneViewState":{"showFog":true,"showMaterialUpdate":false,"showSkybox":true,"showFlares":true,"showImageEffects":true,"showParticleSystems":true},"in2DMode":false,"pivot":{"x":-0.019999980926513673,"y":0.49000000953674319,"z":0.03999999165534973},"rotation":{"x":-0.30568838119506838,"y":0.18328192830085755,"z":-0.0600895881652832,"w":-0.9323902726173401},"size":5.7157673835754398,"orthographic":false}